Danio_rerio;(298, 347);(348, 453);(454, 502);(503, 552);(553, 645);(646, 738);(739, 837);(838, 929);(943, 1035);(1036, 1075);(1076, 1135);(1228, 1295);(1296, 1327);(1328, 1370);(1371, 1963);(1996, 2147);(2148, 2232);(2233, 2290);(2291, 2342);(2343, 2395);(2398, 2448);(2449, 2489);(2490, 2548);(2549, 2584);(2585, 2647);(2648, 2744);(2781, 2839);(2840, 2895);(2896, 2933);(2934, 2984);(3030, 3105);(3106, 3206);(3227, 3436)
Clupea_harengus;(265, 295);(296, 347);(348, 453);(454, 502);(503, 552);(553, 645);(646, 738);(739, 837);(838, 929);(943, 1035);(1036, 1075);(1076, 1135);(1228, 1297);(1298, 1327);(1328, 1370);(1371, 1963);(1996, 2147);(2148, 2232);(2233, 2290);(2291, 2342);(2343, 2395);(2398, 2448);(2449, 2489);(2490, 2548);(2549, 2584);(2585, 2647);(2648, 2744);(2781, 2839);(2840, 2895);(2896, 2933);(2934, 2984);(3030, 3105);(3106, 3206);(3227, 3436)
Salmo_salar;(298, 347);(348, 453);(454, 503);(504, 552);(553, 645);(646, 738);(739, 837);(838, 929);(943, 1035);(1036, 1075);(1076, 1135);(1228, 1295);(1296, 1327);(1328, 1370);(1371, 1963);(1996, 2147);(2148, 2232);(2233, 2290);(2291, 2342);(2343, 2395);(2398, 2448);(2449, 2489);(2490, 2548);(2549, 2584);(2585, 2647);(2648, 2744);(2781, 2839);(2840, 2895);(2896, 2933);(2934, 2987);(3030, 3105);(3106, 3206);(3227, 3436)
Notothenia_coriiceps;(1229, 1295);(1296, 1327);(1328, 1370);(1371, 1963);(1996, 2147);(2148, 2232);(2233, 2290);(2291, 2342);(2343, 2395);(2398, 2448);(2449, 2489);(2490, 2548);(2549, 2584);(2585, 2647);(2648, 2744);(2781, 2839);(2840, 2895);(2896, 2933);(2934, 2984);(3030, 3105);(3106, 3206);(3227, 3436)
Pundamilia_nyererei;(298, 347);(348, 453);(454, 503);(504, 552);(553, 645);(646, 738);(739, 837);(838, 929);(943, 1035);(1036, 1075);(1076, 1135);(1228, 1295);(1296, 1327);(1328, 1370);(1371, 1963);(1996, 2147);(2148, 2232);(2233, 2290);(2291, 2342);(2343, 2395);(2398, 2448);(2449, 2489);(2490, 2548);(2549, 2584);(2585, 2647);(2648, 2744);(2781, 2839);(2840, 2895);(2896, 2933);(2934, 2987);(3030, 3105);(3106, 3206);(3227, 3436)
Callorhinchus_milii;(440, 1035);(1036, 1075);(1076, 1135);(1228, 1295);(1296, 1327);(1328, 1370);(1371, 1963);(1996, 2147);(2148, 2232);(2233, 2290);(2291, 2342);(2343, 2448);(2449, 2489);(2490, 2548);(2549, 2584);(2585, 2647);(2648, 2744);(2781, 2839);(2840, 2895);(2896, 2933);(2934, 2984);(3030, 3105);(3106, 3206);(3228, 3436)
Cynoglossus_semilaevis;(298, 347);(348, 453);(454, 502);(503, 552);(553, 645);(646, 738);(739, 837);(838, 929);(943, 1035);(1036, 1075);(1076, 1081);(1082, 1135);(1228, 1295);(1296, 1327);(1328, 1370);(1371, 1963);(1996, 2147);(2148, 2232);(2233, 2290);(2291, 2342);(2343, 2395);(2398, 2448);(2449, 2488);(2489, 2535);(2536, 2584);(2585, 2647);(2648, 2744);(2781, 2839);(2840, 2895);(2896, 2933);(2934, 2984);(3030, 3105);(3106, 3206);(3227, 3436)
Takifugu_rubripes;(298, 347);(348, 453);(454, 502);(503, 552);(553, 645);(646, 738);(739, 837);(838, 929);(943, 1035);(1036, 1075);(1076, 1135);(1228, 1295);(1296, 1327);(1328, 1370);(1371, 1963);(1996, 2147);(2148, 2232);(2233, 2290);(2291, 2342);(2343, 2395);(2398, 2448);(2449, 2488);(2489, 2548);(2549, 2584);(2585, 2647);(2648, 2744);(2781, 2839);(2840, 2895);(2896, 2933);(2934, 2984);(3030, 3105);(3106, 3206);(3228, 3254);(3255, 3403);(3404, 3436)
Poecilia_formosa;(298, 347);(348, 453);(454, 502);(503, 552);(553, 645);(646, 738);(739, 837);(838, 929);(943, 1035);(1036, 1075);(1076, 1135);(1228, 1295);(1296, 1327);(1328, 1370);(1371, 1963);(1996, 2147);(2148, 2232);(2233, 2290);(2291, 2342);(2343, 2395);(2398, 2448);(2449, 2488);(2489, 2548);(2549, 2584);(2585, 2647);(2648, 2744);(2781, 2839);(2840, 2895);(2896, 2933);(2934, 2984);(3030, 3105);(3106, 3206);(3227, 3436)
Xiphophorus_maculatus;(308, 453);(454, 502);(503, 552);(553, 645);(646, 738);(739, 837);(838, 929);(943, 1035);(1036, 1075);(1076, 1135);(1228, 1295);(1296, 1327);(1328, 1370);(1371, 1963);(1996, 2147);(2148, 2232);(2233, 2290);(2291, 2342);(2343, 2395);(2398, 2448);(2449, 2488);(2489, 2548);(2549, 2584);(2585, 2647);(2648, 2744);(2781, 2839);(2840, 2895);(2896, 2933);(2934, 2984);(3030, 3105);(3106, 3206);(3227, 3436)
Oryzias_latipes;(298, 347);(348, 453);(454, 502);(503, 552);(553, 645);(646, 738);(739, 837);(838, 929);(943, 1035);(1036, 1075);(1076, 1135);(1228, 1295);(1296, 1327);(1328, 1370);(1371, 1963);(1996, 2147);(2148, 2232);(2233, 2290);(2291, 2342);(2343, 2395);(2398, 2448);(2449, 2488);(2489, 2548);(2549, 2584);(2585, 2647);(2648, 2744);(2781, 2839);(2840, 2895);(2896, 2933);(2934, 2984);(3030, 3105);(3106, 3206);(3227, 3436)
Maylandia_zebra;(298, 347);(348, 453);(454, 502);(503, 552);(553, 645);(646, 738);(739, 837);(838, 929);(943, 1035);(1036, 1075);(1076, 1135);(1228, 1295);(1296, 1327);(1328, 1370);(1371, 1963);(1996, 2147);(2148, 2232);(2233, 2290);(2291, 2342);(2343, 2395);(2398, 2448);(2449, 2488);(2489, 2548);(2549, 2584);(2585, 2647);(2648, 2744);(2781, 2839);(2840, 2895);(2896, 2933);(2934, 3038);(3039, 3105);(3106, 3206);(3227, 3436)
Oreochromis_niloticus;(298, 347);(348, 453);(454, 502);(503, 552);(553, 645);(646, 738);(739, 837);(838, 929);(943, 1035);(1036, 1075);(1076, 1135);(1228, 1295);(1296, 1327);(1328, 1370);(1371, 1963);(1996, 2147);(2148, 2232);(2233, 2290);(2291, 2342);(2343, 2395);(2398, 2448);(2449, 2488);(2489, 2548);(2549, 2584);(2585, 2647);(2648, 2744);(2781, 2839);(2840, 2895);(2896, 2933);(2934, 3038);(3039, 3105);(3106, 3206);(3227, 3436)
Larimichthys_crocea;(288, 320);(321, 347);(348, 453);(454, 502);(503, 552);(553, 645);(646, 738);(739, 837);(838, 929);(943, 1035);(1036, 1075);(1076, 1135);(1228, 1295);(1296, 1327);(1328, 1370);(1371, 1963);(1996, 2147);(2148, 2232);(2233, 2290);(2291, 2342);(2343, 2395);(2398, 2448);(2449, 2488);(2489, 2548);(2549, 2584);(2585, 2647);(2648, 2744);(2781, 2839);(2840, 2895);(2896, 2933);(2934, 2984);(3030, 3105);(3106, 3206);(3227, 3270);(3271, 3436)
Stegastes_partitus;(298, 347);(348, 453);(454, 502);(503, 552);(553, 645);(646, 738);(739, 837);(838, 929);(943, 1035);(1036, 1075);(1076, 1135);(1228, 1295);(1296, 1327);(1328, 1370);(1371, 1963);(1996, 2147);(2148, 2232);(2233, 2290);(2291, 2342);(2343, 2395);(2398, 2448);(2449, 2488);(2489, 2548);(2549, 2584);(2585, 2647);(2648, 2744);(2781, 2839);(2840, 2895);(2896, 2933);(2934, 2984);(3030, 3105);(3106, 3206);(3228, 3301);(3302, 3403);(3404, 3436)
Esox_lucius;(298, 347);(348, 453);(454, 502);(503, 552);(553, 645);(646, 738);(739, 837);(838, 929);(930, 1035);(1036, 1075);(1076, 1135);(1228, 1295);(1296, 1327);(1328, 1370);(1371, 1963);(1996, 2147);(2148, 2232);(2233, 2290);(2291, 2342);(2343, 2395);(2398, 2448);(2449, 2489);(2490, 2548);(2549, 2584);(2585, 2647);(2648, 2744);(2781, 2839);(2840, 2895);(2896, 2933);(2934, 2984);(3030, 3105);(3106, 3206);(3227, 3436)
Condylura_cristata;(288, 453);(454, 502);(503, 552);(553, 645);(646, 738);(739, 837);(838, 929);(943, 1035);(1036, 1075);(1076, 1135);(1228, 1295);(1296, 1327);(1328, 1370);(1371, 1963);(1992, 2232);(2233, 2290);(2291, 2342);(2343, 2395);(2398, 2448);(2449, 2489);(2490, 2548);(2549, 2584);(2585, 2647);(2648, 2744);(2781, 2839);(2840, 2895);(2896, 2933);(2934, 2984);(3030, 3105);(3106, 3206);(3228, 3436)
Latimeria_chalumnae;(341, 347);(348, 453);(454, 502);(503, 552);(553, 645);(646, 738);(739, 837);(838, 929);(943, 1035);(1036, 1075);(1076, 1135);(1228, 1295);(1296, 1327);(1328, 1370);(1371, 1963);(1996, 2147);(2148, 2232);(2233, 2290);(2291, 2342);(2343, 2395);(2398, 2448);(2449, 2489);(2490, 2548);(2549, 2584);(2585, 2647);(2648, 2744);(2781, 2839);(2840, 2895);(2896, 2933);(2934, 2984);(3030, 3105);(3106, 3206);(3228, 3436)
Monodelphis_domestica;(298, 329);(330, 347);(348, 453);(454, 502);(503, 552);(553, 645);(646, 738);(739, 837);(838, 929);(943, 1035);(1036, 1075);(1076, 1135);(1228, 1295);(1296, 1327);(1328, 1370);(1371, 1963);(1996, 2147);(2148, 2232);(2233, 2290);(2291, 2342);(2343, 2395);(2398, 2448);(2449, 2489);(2490, 2548);(2549, 2584);(2585, 2647);(2648, 2744);(2781, 2839);(2840, 2895);(2896, 2933);(2934, 2984);(3030, 3105);(3106, 3206);(3228, 3436)
Sarcophilus_harrisii;(299, 453);(454, 502);(503, 552);(553, 645);(646, 738);(739, 837);(838, 929);(943, 1035);(1036, 1075);(1127, 1295);(1296, 1327);(1328, 1370);(1371, 1963);(1996, 2147);(2148, 2232);(2233, 2290);(2291, 2342);(2343, 2395);(2398, 2448);(2449, 2489);(2490, 2548);(2549, 2584);(2585, 2647);(2648, 2744);(2781, 2839);(2840, 2895);(2896, 2933);(2934, 2984);(3030, 3105);(3106, 3206);(3228, 3436)
Erinaceus_europaeus;(397, 552);(553, 645);(646, 738);(739, 837);(838, 929);(943, 1035);(1036, 1040);(1041, 1045);(1046, 1047);(1048, 1135);(1228, 1295);(1296, 1327);(1328, 1370);(1371, 1963);(1996, 2147);(2148, 2232);(2233, 2290);(2291, 2342);(2343, 2395);(2398, 2448);(2449, 2489);(2490, 2548);(2549, 2584);(2585, 2647);(2648, 2744);(2781, 2839);(2935, 2984);(3030, 3105);(3106, 3206);(3228, 3436)
Ornithorhynchus_anatinus;(268, 347);(348, 453);(454, 502);(503, 552);(553, 645);(646, 738);(739, 837);(838, 929);(943, 1035);(1036, 1075);(1076, 1135);(1228, 1295);(1296, 1327);(1328, 1370);(1371, 1963);(1996, 2147);(2148, 2232);(2233, 2290);(2291, 2342);(2343, 2395);(2398, 2448);(2449, 2489);(2490, 2548);(2549, 2584);(2585, 2647);(2714, 2744);(2781, 2839);(2840, 2895);(2896, 2933);(2934, 2984);(3030, 3105);(3106, 3206);(3228, 3436)
Thamnophis_sirtalis;(298, 347);(348, 453);(454, 502);(503, 552);(553, 645);(646, 738);(739, 837);(838, 929);(943, 1035);(1036, 1075);(1076, 1135);(1228, 1295);(1296, 1327);(1328, 1370);(1371, 1963);(1996, 2147);(2148, 2232);(2233, 2290);(2291, 2342);(2343, 2395);(2398, 2448);(2449, 2489);(2490, 2548);(2549, 2584);(2585, 2647);(2648, 2744);(2781, 2839);(2840, 2895);(2896, 2933);(2934, 2984);(3030, 3105);(3106, 3206);(3228, 3436)
Anolis_carolinensis;(298, 347);(348, 453);(454, 502);(503, 552);(553, 645);(646, 738);(739, 837);(838, 929);(943, 1035);(1036, 1075);(1076, 1135);(1228, 1295);(1296, 1327);(1328, 1370);(1371, 1963);(1996, 2147);(2148, 2232);(2233, 2290);(2291, 2342);(2343, 2395);(2398, 2448);(2449, 2489);(2490, 2548);(2549, 2584);(2585, 2647);(2648, 2744);(2781, 2839);(2840, 2895);(2896, 2933);(2934, 2984);(3030, 3105);(3106, 3206);(3228, 3436)
Pteropus_vampyrus;(527, 552);(553, 645);(646, 738);(739, 837);(838, 929);(1036, 1075);(1076, 1135);(1228, 1295);(1316, 1963);(1996, 2147);(2148, 2232);(2233, 2290);(2291, 2319);(2320, 2344);(2345, 2395);(2398, 2448);(2449, 2489);(2490, 2495);(2496, 2584);(2585, 2647);(2648, 2744);(2781, 2839);(2840, 2895);(2896, 2933);(2934, 2984);(3030, 3105);(3106, 3206);(3228, 3436)
Trichechus_manatus;(227, 280);(281, 347);(348, 453);(454, 502);(503, 552);(553, 645);(646, 738);(739, 837);(838, 929);(943, 1035);(1036, 1075);(1076, 1133);(1296, 1327);(1328, 1370);(1371, 1963);(1993, 2114);(2148, 2232);(2233, 2290);(2291, 2342);(2343, 2395);(2398, 2448);(2449, 2489);(2490, 2584);(2585, 2647);(2648, 2744);(2781, 2839);(2840, 2895);(2896, 2933);(2934, 2984);(3030, 3105);(3106, 3206);(3228, 3436)
Jaculus_jaculus;(298, 347);(348, 453);(454, 502);(503, 552);(553, 645);(646, 738);(739, 837);(838, 929);(943, 1035);(1036, 1075);(1076, 1135);(1228, 1295);(1296, 1327);(1328, 1370);(1371, 1963);(1996, 2147);(2148, 2232);(2233, 2290);(2291, 2342);(2343, 2395);(2398, 2448);(2449, 2489);(2490, 2548);(2549, 2584);(2585, 2647);(2648, 2744);(2781, 2839);(2840, 2895);(2896, 2933);(2934, 2984);(3030, 3105);(3106, 3206);(3228, 3436)
Sorex_araneus;(342, 347);(348, 453);(454, 502);(503, 552);(553, 645);(646, 738);(739, 837);(838, 929);(943, 1035);(1036, 1075);(1076, 1135);(1228, 1295);(1296, 1327);(1328, 1370);(1371, 1963);(1996, 2147);(2148, 2232);(2233, 2290);(2291, 2342);(2343, 2395);(2398, 2448);(2449, 2489);(2490, 2548);(2549, 2584);(2585, 2647);(2648, 2744);(2781, 2839);(2840, 2895);(2896, 2933);(2934, 2984);(3030, 3105);(3106, 3206);(3228, 3355);(3356, 3436)
Pteropus_alecto;(343, 347);(348, 453);(454, 502);(503, 552);(553, 645);(646, 738);(739, 837);(838, 929);(943, 1035);(1036, 1075);(1076, 1135);(1228, 1295);(1296, 1327);(1328, 1370);(1371, 1963);(1996, 2147);(2148, 2232);(2233, 2290);(2291, 2342);(2343, 2395);(2398, 2448);(2449, 2489);(2490, 2548);(2549, 2584);(2585, 2647);(2648, 2744);(2781, 2839);(2840, 2895);(2896, 2898);(2899, 2933);(2934, 2984);(3030, 3105);(3106, 3206);(3228, 3436)
Galeopterus_variegatus;(899, 1075);(1076, 1135);(1228, 1295);(1296, 1327);(1328, 1370);(1371, 1963);(1996, 2147);(2148, 2232);(2233, 2290);(2291, 2342);(2343, 2395);(2398, 2448);(2449, 2489);(2490, 2548);(2549, 2584);(2585, 2647);(2648, 2744);(2781, 2839);(2840, 2895);(2896, 2933);(2934, 2984);(2985, 3029);(3030, 3105);(3106, 3206);(3228, 3436)
Otolemur_garnettii;(291, 347);(348, 453);(454, 502);(503, 552);(553, 645);(646, 738);(739, 837);(838, 929);(943, 1035);(1036, 1075);(1076, 1135);(1228, 1295);(1296, 1327);(1328, 1370);(1371, 1963);(1996, 2147);(2148, 2232);(2233, 2290);(2291, 2342);(2343, 2395);(2398, 2448);(2449, 2489);(2490, 2548);(2549, 2584);(2585, 2647);(2648, 2744);(2781, 2839);(2840, 2895);(2896, 2933);(2934, 2984);(3030, 3105);(3106, 3206);(3250, 3436)
Mandrillus_leucophaeus;(298, 347);(348, 453);(454, 502);(503, 552);(553, 645);(646, 738);(739, 837);(838, 929);(943, 1035);(1036, 1075);(1076, 1135);(1228, 1295);(1296, 1327);(1328, 1370);(1371, 1963);(1996, 2024);(2025, 2081);(2082, 2147);(2148, 2232);(2233, 2290);(2291, 2342);(2343, 2395);(2398, 2448);(2449, 2489);(2490, 2548);(2549, 2584);(2585, 2647);(2648, 2744);(2781, 2839);(2840, 2895);(2896, 2933);(2934, 2984);(3030, 3105);(3106, 3206);(3246, 3436)
Macaca_fascicularis;(298, 347);(348, 453);(454, 502);(503, 552);(553, 645);(646, 738);(739, 837);(838, 929);(943, 1035);(1036, 1075);(1076, 1135);(1228, 1295);(1296, 1327);(1328, 1370);(1371, 1963);(1996, 2173);(2174, 2240);(2241, 2290);(2291, 2342);(2343, 2395);(2398, 2448);(2449, 2489);(2490, 2548);(2549, 2584);(2585, 2647);(2648, 2744);(2781, 2839);(2840, 2895);(2896, 2933);(2934, 2984);(3030, 3105);(3106, 3206);(3246, 3436)
Microcebus_murinus;(689, 1295);(1296, 1327);(1328, 1370);(1371, 1963);(1996, 2147);(2148, 2232);(2233, 2290);(2291, 2342);(2343, 2395);(2398, 2448);(2449, 2489);(2490, 2548);(2549, 2584);(2585, 2647);(2648, 2744);(2781, 2839);(2840, 2895);(2896, 2933);(2934, 2984);(3030, 3105);(3106, 3206);(3228, 3436)
Nomascus_leucogenys;(237, 239);(240, 347);(348, 453);(454, 502);(503, 552);(553, 645);(646, 837);(838, 945);(946, 1075);(1076, 1135);(1228, 1295);(1296, 1327);(1328, 1370);(1371, 1963);(1996, 2147);(2148, 2232);(2233, 2290);(2291, 2342);(2343, 2395);(2398, 2448);(2449, 2489);(2490, 2548);(2549, 2584);(2585, 2647);(2648, 2744);(2781, 2839);(2840, 2895);(2896, 2933);(2934, 2984);(3030, 3105);(3106, 3206);(3228, 3436)
Gorilla_gorilla;(0, 62);(63, 121);(122, 179);(180, 224);(225, 267);(268, 347);(348, 453);(454, 502);(503, 552);(553, 645);(646, 738);(739, 837);(838, 929);(943, 1035);(1036, 1075);(1076, 1135);(1228, 1295);(1296, 1327);(1328, 1370);(1371, 1963);(1996, 2147);(2148, 2232);(2233, 2248);(2249, 2253);(2254, 2342);(2343, 2395);(2398, 2448);(2449, 2489);(2490, 2548);(2549, 2584);(2585, 2647);(2648, 2744);(2781, 2839);(2840, 2895);(2896, 2933);(2934, 2984);(3030, 3105);(3106, 3206);(3228, 3436)
Loxodonta_africana;(298, 347);(348, 453);(454, 502);(503, 552);(553, 645);(646, 738);(739, 837);(838, 929);(943, 1035);(1036, 1075);(1076, 1135);(1228, 1295);(1296, 1327);(1328, 1370);(1371, 1963);(1996, 2147);(2148, 2232);(2233, 2290);(2291, 2342);(2343, 2395);(2398, 2448);(2449, 2489);(2490, 2548);(2549, 2584);(2585, 2647);(2648, 2744);(2781, 2839);(2840, 2895);(2896, 2933);(2934, 2984);(3030, 3105);(3106, 3206);(3228, 3436)
Propithecus_coquereli;(298, 347);(348, 453);(454, 502);(503, 552);(553, 645);(646, 837);(838, 929);(943, 1035);(1036, 1075);(1076, 1135);(1228, 1295);(1296, 1327);(1328, 1370);(1371, 1963);(1996, 2147);(2148, 2232);(2233, 2290);(2291, 2342);(2343, 2395);(2398, 2448);(2449, 2489);(2490, 2548);(2549, 2584);(2585, 2647);(2648, 2744);(2781, 2839);(2840, 2895);(2896, 2933);(2934, 2984);(3030, 3105);(3106, 3206);(3246, 3436)
Callithrix_jacchus;(417, 427);(496, 552);(553, 645);(646, 738);(739, 837);(838, 929);(943, 1035);(1036, 1075);(1076, 1135);(1228, 1295);(1296, 1327);(1328, 1370);(1371, 1963);(1996, 2147);(2148, 2232);(2233, 2290);(2291, 2342);(2343, 2395);(2398, 2448);(2449, 2489);(2490, 2548);(2549, 2584);(2585, 2647);(2648, 2744);(2781, 2839);(2840, 2895);(2896, 2933);(2934, 2984);(3030, 3105);(3106, 3206);(3228, 3436)
Orycteropus_afer;(298, 347);(348, 453);(454, 502);(503, 552);(553, 645);(646, 738);(739, 837);(838, 929);(943, 1035);(1036, 1075);(1076, 1135);(1228, 1295);(1296, 1327);(1328, 1370);(1371, 1963);(1996, 2147);(2148, 2232);(2233, 2290);(2291, 2342);(2343, 2395);(2398, 2448);(2449, 2489);(2490, 2548);(2549, 2584);(2585, 2647);(2648, 2744);(2781, 2839);(2840, 2895);(2896, 2933);(2934, 2984);(3030, 3105);(3106, 3206);(3228, 3436)
Pongo_abelii;(1262, 2448);(2449, 2489);(2490, 2548);(2549, 2584);(2585, 2647);(2648, 2744);(2781, 2839);(2840, 2895);(2896, 2933);(2934, 2984);(3030, 3105);(3106, 3206);(3228, 3436)
Pan_paniscus;(415, 434);(435, 473);(474, 552);(553, 645);(646, 738);(739, 837);(838, 929);(943, 1035);(1036, 1075);(1076, 1135);(1228, 1295);(1296, 1327);(1328, 1370);(1371, 1963);(1996, 2147);(2148, 2232);(2233, 2290);(2291, 2342);(2343, 2395);(2398, 2448);(2449, 2489);(2490, 2548);(2549, 2584);(2585, 2647);(2648, 2744);(2781, 2839);(2840, 2895);(2896, 2933);(2934, 2984);(3030, 3105);(3106, 3206);(3228, 3436)
Pan_troglodytes;(496, 502);(503, 552);(553, 645);(646, 738);(739, 837);(838, 929);(943, 1035);(1036, 1075);(1076, 1135);(1228, 1295);(1296, 1327);(1328, 1370);(1371, 1963);(1996, 2147);(2148, 2232);(2233, 2290);(2291, 2342);(2343, 2395);(2398, 2448);(2449, 2489);(2490, 2548);(2549, 2584);(2585, 2647);(2648, 2744);(2781, 2839);(2840, 2895);(2896, 2933);(2934, 2984);(3030, 3105);(3106, 3206);(3228, 3436)
Homo_sapiens;(298, 347);(348, 453);(454, 502);(503, 552);(553, 645);(646, 738);(739, 837);(838, 929);(943, 1035);(1036, 1075);(1076, 1135);(1228, 1295);(1296, 1327);(1328, 1370);(1371, 1963);(1996, 2147);(2148, 2232);(2233, 2290);(2291, 2342);(2343, 2395);(2398, 2448);(2449, 2489);(2490, 2548);(2549, 2584);(2585, 2647);(2648, 2744);(2781, 2839);(2840, 2895);(2896, 2933);(2934, 2984);(3030, 3105);(3106, 3206);(3228, 3436)
Rhinopithecus_roxellana;(213, 248);(249, 272);(273, 347);(348, 453);(454, 502);(503, 552);(553, 645);(646, 738);(739, 837);(838, 929);(943, 1035);(1036, 1075);(1076, 1135);(1228, 1295);(1296, 1327);(1328, 1370);(1371, 1963);(1996, 2147);(2148, 2232);(2233, 2290);(2291, 2342);(2343, 2395);(2398, 2448);(2449, 2489);(2490, 2548);(2549, 2584);(2585, 2647);(2648, 2744);(2781, 2839);(2840, 2895);(2896, 2933);(2934, 2984);(3030, 3105);(3106, 3206);(3251, 3436)
Colobus_angolensis;(298, 347);(348, 453);(454, 502);(503, 552);(553, 645);(646, 738);(739, 837);(838, 929);(943, 1035);(1036, 1075);(1076, 1135);(1228, 1295);(1296, 1327);(1328, 1370);(1371, 1963);(1996, 2147);(2148, 2232);(2233, 2290);(2291, 2342);(2343, 2395);(2398, 2448);(2449, 2489);(2490, 2548);(2549, 2584);(2585, 2647);(2648, 2744);(2781, 2839);(2840, 2895);(2896, 2933);(2934, 2984);(3030, 3105);(3106, 3206);(3246, 3436)
Macaca_nemestrina;(189, 243);(244, 267);(268, 347);(348, 453);(454, 502);(503, 552);(553, 645);(646, 738);(739, 837);(838, 929);(943, 1035);(1036, 1075);(1076, 1135);(1228, 1295);(1296, 1327);(1328, 1370);(1371, 1963);(1996, 2147);(2148, 2232);(2233, 2290);(2291, 2342);(2343, 2395);(2398, 2448);(2449, 2489);(2490, 2548);(2549, 2584);(2585, 2647);(2648, 2744);(2781, 2839);(2840, 2895);(2896, 2933);(2934, 2984);(3030, 3105);(3106, 3206);(3228, 3436)
Cercocebus_atys;(298, 347);(348, 453);(454, 502);(503, 552);(553, 645);(646, 738);(739, 837);(838, 929);(943, 1035);(1036, 1075);(1076, 1135);(1228, 1295);(1296, 1327);(1328, 1370);(1371, 1963);(1996, 2147);(2148, 2232);(2233, 2290);(2291, 2342);(2343, 2395);(2398, 2448);(2449, 2489);(2490, 2548);(2549, 2584);(2585, 2647);(2648, 2744);(2781, 2839);(2840, 2895);(2896, 2933);(2934, 3038);(3039, 3105);(3106, 3206);(3228, 3436)
Chlorocebus_sabaeus;(298, 347);(348, 453);(454, 502);(503, 552);(553, 645);(646, 738);(739, 837);(838, 929);(943, 1035);(1036, 1075);(1076, 1135);(1228, 1295);(1296, 1327);(1328, 1370);(1371, 1963);(1996, 2147);(2148, 2232);(2233, 2290);(2291, 2342);(2343, 2395);(2398, 2448);(2449, 2489);(2490, 2548);(2549, 2584);(2585, 2647);(2648, 2744);(2781, 2839);(2840, 3436)
Camelus_ferus;(758, 1044);(1228, 1295);(1296, 1327);(1328, 1370);(1371, 1963);(1996, 2147);(2148, 2232);(2233, 2290);(2291, 2342);(2343, 2395);(2398, 2448);(2449, 2489);(2490, 2548);(2549, 2584);(2585, 2647);(2648, 2744);(2781, 2839);(2840, 2878);(2879, 2895);(2896, 2933);(2934, 2984);(3030, 3105);(3106, 3206);(3228, 3436)
Leptonychotes_weddellii;(863, 988);(1228, 1295);(1296, 1327);(1328, 1370);(1371, 1963);(1996, 2113);(2148, 2232);(2233, 2290);(2291, 2342);(2343, 2395);(2398, 2448);(2449, 2489);(2490, 2548);(2549, 2584);(2585, 2647);(2648, 2744);(2781, 2839);(2840, 2895);(2896, 2933);(2934, 2984);(3030, 3105);(3106, 3206);(3228, 3436)
Bison_bison;(223, 283);(284, 347);(348, 453);(454, 502);(503, 552);(553, 645);(646, 738);(739, 837);(838, 929);(943, 1035);(1036, 1075);(1076, 1135);(1228, 1295);(1296, 1327);(1328, 1370);(1371, 1963);(1996, 2147);(2148, 2232);(2233, 2290);(2291, 2342);(2343, 2395);(2398, 2448);(2449, 2489);(2490, 2548);(2549, 2584);(2585, 2647);(2648, 2744);(2781, 2839);(2840, 2895);(2896, 2933);(2934, 2984);(3030, 3105);(3106, 3206);(3228, 3436)
Ovis_aries;(298, 347);(348, 453);(454, 502);(503, 552);(553, 645);(646, 738);(739, 837);(838, 929);(943, 1035);(1036, 1075);(1076, 1135);(1228, 1295);(1296, 1327);(1328, 1370);(1371, 1963);(1996, 2147);(2148, 2232);(2233, 2290);(2291, 2342);(2343, 2395);(2398, 2448);(2449, 2488);(2489, 2548);(2549, 2584);(2585, 2647);(2648, 2744);(2781, 2839);(2840, 2895);(2896, 2933);(2934, 2984);(3030, 3105);(3106, 3206);(3228, 3436)
Bubalus_bubalis;(298, 347);(348, 453);(454, 502);(503, 552);(553, 645);(646, 738);(739, 837);(838, 929);(943, 1035);(1036, 1075);(1076, 1135);(1228, 1295);(1296, 1327);(1328, 1370);(1371, 1963);(1996, 2147);(2148, 2232);(2233, 2290);(2291, 2342);(2343, 2395);(2398, 2448);(2449, 2489);(2490, 2548);(2549, 2584);(2585, 2647);(2648, 2744);(2781, 2839);(2840, 2895);(2896, 2933);(2934, 2984);(3030, 3105);(3106, 3206);(3246, 3436)
Bos_mutus;(414, 502);(503, 552);(553, 645);(646, 738);(739, 837);(838, 929);(943, 1035);(1036, 1075);(1076, 1135);(1228, 1295);(1296, 1327);(1328, 1370);(1371, 1963);(1996, 2147);(2148, 2232);(2233, 2290);(2291, 2342);(2343, 2395);(2398, 2448);(2449, 2489);(2490, 2548);(2549, 2584);(2585, 2647);(2648, 2744);(2781, 2839);(2840, 2895);(2896, 2933);(2934, 2984);(3030, 3105);(3106, 3206);(3228, 3436)
Bos_taurus;(571, 1111);(1228, 1295);(1296, 1327);(1328, 1370);(1371, 1963);(1996, 2147);(2148, 2232);(2233, 2290);(2291, 2342);(2343, 2395);(2398, 2448);(2449, 2489);(2490, 2548);(2549, 2584);(2585, 2647);(2648, 2744);(2781, 2839);(2840, 2895);(2896, 2933);(2934, 2984);(3030, 3105);(3106, 3206);(3228, 3436)
Capra_hircus;(344, 347);(348, 453);(454, 502);(503, 552);(553, 645);(646, 738);(739, 837);(838, 929);(943, 1035);(1036, 1075);(1076, 1135);(1228, 1295);(1296, 1327);(1328, 1370);(1371, 1963);(1996, 2147);(2148, 2232);(2233, 2290);(2291, 2342);(2343, 2395);(2398, 2448);(2449, 2489);(2490, 2548);(2549, 2584);(2585, 2647);(2648, 2744);(2781, 2839);(2840, 2895);(2896, 2933);(2934, 2984);(3030, 3105);(3106, 3206);(3228, 3436)
Pantholops_hodgsonii;(1231, 1295);(1296, 1327);(1328, 1370);(1371, 1963);(1996, 2147);(2148, 2232);(2233, 2290);(2291, 2342);(2343, 2395);(2398, 2448);(2449, 2489);(2490, 2548);(2549, 2584);(2585, 2647);(2648, 2744);(2781, 2839);(2840, 2895);(2896, 2933);(2934, 2984);(3030, 3105);(3106, 3206);(3228, 3436)
Panthera_tigris;(299, 347);(348, 453);(454, 502);(503, 552);(553, 645);(646, 738);(739, 837);(838, 929);(943, 1035);(1036, 1075);(1076, 1135);(1228, 1295);(1296, 1327);(1328, 1370);(1371, 1963);(1996, 2147);(2148, 2232);(2233, 2290);(2291, 2342);(2343, 2395);(2396, 2397);(2398, 2448);(2449, 2489);(2490, 2548);(2549, 2584);(2585, 2647);(2648, 2744);(2781, 2839);(2840, 2895);(2896, 2933);(2934, 2934);(2935, 2984);(3030, 3105);(3106, 3206);(3228, 3436)
Felis_catus;(289, 347);(348, 453);(454, 502);(503, 552);(553, 645);(646, 738);(739, 837);(838, 929);(943, 1035);(1036, 1075);(1076, 1135);(1228, 1295);(1296, 1327);(1328, 1370);(1371, 1963);(1996, 2147);(2148, 2232);(2233, 2290);(2291, 2342);(2343, 2395);(2398, 2448);(2449, 2489);(2490, 2548);(2549, 2584);(2585, 2647);(2648, 2744);(2781, 2839);(2840, 2895);(2896, 2933);(2934, 2984);(3030, 3105);(3106, 3206);(3228, 3436)
Ceratotherium_simum;(298, 347);(348, 453);(454, 502);(503, 552);(553, 645);(646, 738);(739, 837);(838, 929);(943, 1035);(1036, 1075);(1076, 1135);(1228, 1295);(1296, 1327);(1328, 1370);(1371, 1963);(1996, 2147);(2148, 2232);(2233, 2290);(2291, 2342);(2343, 2395);(2398, 2448);(2449, 2489);(2490, 2548);(2549, 2584);(2585, 2647);(2648, 2744);(2781, 2839);(2840, 2895);(2896, 2933);(2934, 2984);(3030, 3105);(3106, 3206);(3228, 3436)
Equus_caballus;(250, 251);(252, 347);(348, 453);(454, 502);(503, 552);(553, 645);(646, 738);(739, 837);(838, 929);(943, 1035);(1036, 1075);(1076, 1135);(1228, 1295);(1296, 1327);(1328, 1370);(1371, 1963);(1996, 2147);(2148, 2232);(2233, 2290);(2291, 2342);(2343, 2395);(2398, 2448);(2449, 2489);(2490, 2548);(2549, 2584);(2585, 2647);(2648, 2744);(2781, 2839);(2840, 2895);(2896, 2933);(2934, 2984);(3030, 3105);(3106, 3206);(3228, 3436)
Equus_przewalskii;(298, 347);(348, 453);(454, 502);(503, 552);(553, 645);(646, 738);(739, 837);(838, 929);(943, 1035);(1036, 1075);(1076, 1135);(1228, 1295);(1296, 1327);(1328, 1370);(1371, 1963);(1996, 2147);(2148, 2232);(2233, 2290);(2291, 2342);(2343, 2395);(2398, 2448);(2449, 2489);(2490, 2548);(2549, 2584);(2585, 2647);(2648, 2744);(2781, 2839);(2840, 2895);(2896, 2933);(2934, 2984);(3030, 3105);(3106, 3206);(3228, 3436)
Ailuropoda_melanoleuca;(2398, 2448);(2449, 2489);(2490, 2548);(2549, 2584);(2585, 2647);(2648, 2744);(2781, 2839);(2840, 2895);(2896, 2933);(2934, 2984);(3030, 3105);(3106, 3206);(3228, 3436)
Mustela_putorius;(288, 299);(300, 453);(454, 502);(503, 552);(553, 645);(646, 738);(739, 837);(838, 929);(943, 1035);(1036, 1075);(1076, 1135);(1228, 1295);(1296, 1327);(1328, 1370);(1371, 1963);(1996, 2147);(2148, 2232);(2233, 2290);(2291, 2342);(2343, 2395);(2398, 2448);(2449, 2489);(2490, 2548);(2549, 2584);(2585, 2647);(2648, 2744);(2781, 2839);(2840, 2895);(2896, 2933);(2934, 2984);(3030, 3105);(3106, 3206);(3228, 3436)
Ursus_maritimus;(285, 292);(293, 453);(454, 502);(503, 552);(553, 645);(646, 738);(739, 837);(838, 929);(943, 1035);(1036, 1075);(1076, 1135);(1228, 1295);(1296, 1327);(1328, 1370);(1371, 1963);(1996, 2147);(2148, 2232);(2233, 2290);(2291, 2342)
Canis_lupus;(316, 453);(454, 502);(503, 552);(553, 645);(646, 738);(739, 837);(838, 929);(943, 1035);(1036, 1075);(1076, 1135);(1228, 1295);(1296, 1327);(1328, 1370);(1371, 1963);(1996, 2147);(2148, 2232);(2233, 2290);(2291, 2342);(2343, 2395);(2398, 2448);(2449, 2489);(2490, 2548);(2549, 2584);(2585, 2647);(2648, 2744);(2781, 2839);(2840, 2895);(2896, 2933);(2934, 2984);(3030, 3105);(3106, 3206);(3228, 3436)
Odobenus_rosmarus;(1231, 1295);(1296, 1327);(1328, 1370);(1371, 1963);(1996, 2147);(2148, 2232);(2233, 2290);(2291, 2342);(2343, 2395);(2398, 2448);(2449, 2489);(2490, 2548);(2549, 2584);(2585, 2647);(2648, 2744);(2781, 2839);(2840, 2895);(2896, 2933);(2934, 2984);(3030, 3105);(3106, 3206);(3228, 3436)
Tyto_alba;(474, 552);(553, 645);(646, 738);(739, 837);(838, 929);(943, 1035);(1036, 1075);(1076, 1135);(1228, 1295);(1296, 1327);(1328, 1370);(1371, 1963);(1996, 2147);(2148, 2232);(2233, 2290);(2291, 2342);(2343, 2395);(2649, 3423)
Heterocephalus_glaber;(298, 347);(348, 453);(454, 502);(503, 552);(553, 645);(646, 738);(739, 837);(838, 929);(943, 1035);(1036, 1075);(1076, 1135);(1228, 1295);(1296, 1327);(1328, 1370);(1371, 1963);(1996, 2147);(2148, 2232);(2233, 2290);(2291, 2342);(2343, 2395);(2398, 2448);(2449, 2489);(2490, 2548);(2549, 2584);(2585, 2647);(2648, 2744);(2781, 2839);(2840, 2895);(2896, 2933);(2934, 2984);(2985, 3029);(3030, 3105);(3106, 3206);(3228, 3436)
Fukomys_damarensis;(321, 347);(348, 453);(454, 502);(503, 552);(553, 645);(646, 738);(739, 837);(838, 929);(943, 1035);(1036, 1075);(1076, 1135);(1228, 1295);(1296, 1327);(1328, 1370);(1371, 1963);(1996, 2147);(2148, 2232);(2233, 2290);(2291, 2342);(2343, 2395);(2398, 2448);(2449, 2489);(2490, 2548);(2549, 2584);(2585, 2647);(2648, 2744);(2781, 2839);(2840, 2895);(2896, 2933);(2934, 2984);(3030, 3105);(3106, 3206);(3228, 3436)
Balaenoptera_acutorostrata;(268, 276);(277, 347);(348, 453);(454, 502);(503, 552);(553, 645);(646, 738);(739, 837);(838, 929);(943, 1035);(1036, 1075);(1076, 1135);(1228, 1295);(1296, 1327);(1328, 1370);(1371, 1963);(1996, 2147);(2148, 2232);(2233, 2290);(2291, 2342);(2343, 2395);(2398, 2448);(2449, 2489);(2490, 2548);(2549, 2584);(2585, 2647);(2648, 2744);(2781, 2839);(2840, 2895);(2896, 2933);(2934, 2984);(3030, 3105);(3106, 3206);(3228, 3436)
Cricetulus_griseus;(299, 347);(348, 453);(454, 502);(503, 552);(553, 645);(646, 738);(739, 837);(838, 929);(943, 1035);(1036, 1075);(1076, 1135);(1228, 1295);(1296, 1327);(1328, 1370);(1371, 1963);(1996, 2147);(2148, 2232);(2233, 2290);(2291, 2342);(2343, 2395);(2398, 2448);(2449, 2489);(2490, 2548);(2549, 2584);(2585, 2647);(2648, 2744);(2781, 2839);(2840, 2895);(2896, 2933);(2934, 2984);(3030, 3105);(3106, 3206);(3228, 3436)
Mesocricetus_auratus;(298, 347);(348, 453);(454, 502);(503, 552);(553, 645);(646, 738);(739, 837);(838, 929);(943, 1035);(1036, 1075);(1076, 1135);(1228, 1295);(1296, 1327);(1328, 1370);(1371, 1963);(1996, 2147);(2148, 2232);(2233, 2290);(2291, 2342);(2343, 2395);(2398, 2448);(2449, 2489);(2490, 2548);(2549, 2584);(2585, 2647);(2648, 2744);(2781, 2839);(2840, 2895);(2896, 2933);(2934, 2984);(3030, 3105);(3106, 3206);(3207, 3227);(3228, 3436)
Peromyscus_maniculatus;(298, 347);(348, 453);(454, 502);(503, 552);(553, 645);(646, 738);(739, 837);(838, 929);(943, 1035);(1036, 1075);(1076, 1135);(1228, 1295);(1296, 1327);(1328, 1370);(1371, 1963);(1996, 2147);(2148, 2232);(2233, 2290);(2291, 2342);(2343, 2395);(2398, 2448);(2449, 2489);(2490, 2548);(2549, 2584);(2585, 2647);(2648, 2744);(2781, 2839);(2840, 2895);(2896, 2933);(2934, 2984);(3030, 3105);(3106, 3206);(3228, 3436)
Mus_musculus;(298, 347);(348, 453);(454, 502);(503, 552);(553, 645);(646, 738);(739, 837);(838, 929);(943, 1035);(1036, 1075);(1076, 1135);(1228, 1295);(1296, 1327);(1328, 1370);(1371, 1963);(1996, 2147);(2148, 2232);(2233, 2290);(2291, 2342);(2343, 2395);(2398, 2448);(2449, 2489);(2490, 2548);(2549, 2584);(2585, 2647);(2648, 2744);(2781, 2839);(2840, 2895);(2896, 2933);(2934, 2984);(3030, 3105);(3106, 3206);(3207, 3227);(3228, 3436)
Dipodomys_ordii;(347, 347);(348, 453);(454, 502);(503, 552);(553, 645);(646, 738);(739, 837);(838, 929);(943, 1035);(1036, 1075);(1076, 1135);(1228, 1295);(1296, 1327);(1328, 1370);(1371, 1963);(1996, 2147);(2148, 2232);(2233, 2290);(2291, 2342);(2343, 2395);(2398, 2448);(2449, 2489);(2490, 2548);(2549, 2584);(2585, 2647);(2648, 2744);(2781, 2839);(2840, 2895);(2896, 2933);(2934, 2984);(3030, 3105);(3106, 3206);(3228, 3436)
Alligator_sinensis;(298, 347);(348, 453);(454, 502);(503, 552);(553, 645);(646, 738);(739, 837);(838, 929);(943, 1035);(1036, 1075);(1076, 1135);(1228, 1295);(1296, 1327);(1328, 1370);(1371, 1963);(1996, 2147);(2148, 2232);(2233, 2290);(2291, 2342);(2343, 2395);(2398, 2448);(2449, 2489);(2490, 2548);(2549, 2584);(2585, 2647);(2648, 2744);(2781, 2839);(2840, 2895);(2896, 2933);(2934, 2984);(3030, 3105);(3106, 3206);(3228, 3436)
Alligator_mississippiensis;(1229, 1295);(1296, 1327);(1328, 1370);(1371, 1963);(1996, 2147);(2148, 2232);(2233, 2290);(2291, 2342);(2343, 2395);(2398, 2448);(2449, 2489);(2490, 2548);(2549, 2584);(2585, 2647);(2648, 2744);(2781, 2839);(2840, 2895);(2896, 2933);(2934, 2984);(3030, 3105);(3106, 3206);(3228, 3436)
Octodon_degus;(298, 347);(348, 453);(454, 502);(503, 552);(553, 645);(646, 738);(739, 837);(838, 929);(943, 1035);(1036, 1075);(1076, 1135);(1228, 1295);(1296, 1327);(1328, 1370);(1371, 1963);(1996, 2147);(2148, 2232);(2233, 2290);(2291, 2342);(2343, 2395);(2398, 2448);(2449, 2489);(2490, 2548);(2549, 2584);(2585, 2647);(2648, 2744);(2781, 2839);(2840, 2895);(2896, 2933);(2934, 2984);(3030, 3105);(3106, 3206);(3228, 3436)
Ochotona_princeps;(240, 292);(293, 347);(348, 453);(454, 502);(503, 552);(553, 645);(646, 738);(739, 837);(838, 929);(943, 1035);(1036, 1075);(1076, 1135);(1228, 1295);(1296, 1327);(1328, 1370);(1371, 1963);(1996, 2147);(2148, 2232);(2233, 2290);(2291, 2342);(2343, 2395);(2398, 2448);(2449, 2489);(2490, 2548);(2549, 2584);(2585, 2647);(2648, 2744);(2781, 2839);(2840, 2895);(2896, 2933);(2934, 2984);(3030, 3105);(3106, 3206);(3228, 3436)
Chinchilla_lanigera;(318, 347);(348, 453);(454, 502);(503, 552);(553, 645);(646, 738);(739, 837);(838, 929);(943, 1035);(1036, 1075);(1076, 1135);(1228, 1295);(1296, 1327);(1328, 1370);(1371, 1963);(1996, 2147);(2148, 2232);(2233, 2290);(2291, 2342);(2343, 2395);(2398, 2448);(2449, 2489);(2490, 2548);(2549, 2584);(2585, 2647);(2648, 2744);(2781, 2839);(2840, 2895);(2896, 2933);(2934, 2984);(3030, 3105);(3106, 3206);(3228, 3436)
Nannospalax_galili;(292, 347);(348, 453);(454, 502);(503, 552);(553, 645);(646, 738);(739, 837);(838, 929);(943, 1035);(1036, 1075);(1076, 1135);(1228, 1295);(1296, 1327);(1328, 1370);(1371, 1963);(1996, 2147);(2148, 2232);(2233, 2290);(2291, 2342);(2343, 2395);(2398, 2448);(2449, 2489);(2490, 2548);(2549, 2584);(2585, 2647);(2648, 2744);(2781, 2839);(2840, 2895);(2896, 2933);(2934, 2984);(3030, 3105);(3106, 3206);(3207, 3227);(3228, 3436)
Chrysemys_picta;(298, 347);(348, 453);(454, 502);(503, 552);(553, 645);(646, 738);(739, 837);(838, 929);(943, 1035);(1036, 1075);(1076, 1135);(1228, 1295);(1296, 1327);(1328, 1370);(1371, 1963);(1996, 2147);(2148, 2232);(2233, 2290);(2291, 2342);(2343, 2395);(2398, 2448);(2449, 2489);(2490, 2548);(2549, 2584);(2585, 2647);(2648, 2744);(2781, 2839);(2840, 2895);(2896, 2933);(2934, 2984);(3030, 3105);(3106, 3206);(3228, 3436)
Tinamus_guttatus;(2566, 2839);(2840, 2895);(2896, 2933);(2934, 2984);(3030, 3105);(3106, 3206);(3228, 3436)
Chelonia_mydas;(293, 453);(454, 502);(503, 552);(553, 645);(646, 738);(739, 837);(838, 929);(943, 1035);(1036, 1075);(1076, 1135);(1228, 1295);(1296, 1327);(1328, 1370);(1371, 1963);(1996, 2147);(2148, 2232);(2233, 2290);(2291, 2342);(2343, 2395);(2398, 2448);(2449, 2489);(2490, 2548);(2549, 2578);(2579, 2647);(2648, 2744);(2781, 2839);(2840, 2895);(2896, 2933);(2934, 2984);(3030, 3105);(3106, 3206);(3228, 3436)
Orcinus_orca;(271, 279);(280, 347);(348, 453);(454, 502);(503, 552);(553, 645);(646, 738);(739, 837);(838, 929);(943, 1035);(1036, 1075);(1076, 1135);(1228, 1295);(1296, 1327);(1328, 1370);(1371, 1963);(1996, 2147);(2148, 2232);(2233, 2290);(2291, 2342);(2343, 2395);(2398, 2448);(2449, 2489);(2490, 2548);(2549, 2584);(2585, 2647);(2648, 2744);(2781, 2839);(2840, 2895);(2896, 2933);(2934, 2984);(3030, 3105);(3106, 3206);(3228, 3436)
Chrysochloris_asiatica;(346, 347);(348, 453);(454, 502);(503, 507);(508, 523);(524, 537);(538, 545);(546, 552);(553, 645);(646, 738);(739, 837);(838, 929);(943, 1035);(1036, 1075);(1076, 1135);(1228, 1295);(1296, 1327);(1328, 1370);(1371, 1963);(1996, 2147);(2148, 2232);(2233, 2290);(2291, 2342);(2343, 2395);(2398, 2448);(2449, 2489);(2490, 2548);(2549, 2584);(2585, 2647);(2648, 2744);(2781, 2839);(2840, 2895);(2896, 2933);(2934, 2984);(3030, 3105);(3106, 3206);(3246, 3436)
Echinops_telfairi;(341, 347);(348, 453);(454, 502);(503, 552);(553, 645);(646, 738);(739, 837);(838, 929);(943, 1035);(1036, 1075);(1076, 1135);(1228, 1295);(1296, 1327);(1328, 1370);(1371, 1963);(1996, 2147);(2148, 2232);(2233, 2290);(2291, 2342);(2343, 2395);(2398, 2448);(2449, 2489);(2490, 2548);(2549, 2584);(2585, 2647);(2648, 2744);(2781, 2839);(2840, 2895);(2896, 2933);(2934, 2984);(3030, 3105);(3106, 3206);(3246, 3436)
Ictidomys_tridecemlineatus;(289, 347);(348, 453);(454, 502);(503, 552);(553, 645);(646, 738);(739, 837);(838, 929);(943, 1035);(1036, 1075);(1076, 1135);(1228, 1295);(1296, 1327);(1328, 1370);(1371, 1963);(1996, 2147);(2148, 2232);(2233, 2290);(2291, 2342);(2343, 2395);(2398, 2448);(2449, 2489);(2490, 2548);(2549, 2584);(2585, 2647);(2648, 2744);(2781, 2839);(2840, 2895);(2896, 2933);(2934, 2984);(3030, 3105);(3106, 3206);(3228, 3436)
Taeniopygia_guttata;(1284, 1963);(1996, 2147);(2148, 2232);(2233, 2290);(2291, 2342);(2343, 2395);(2398, 2448);(2449, 2489);(2490, 2548);(2549, 2584);(2585, 2647);(2648, 2744);(2781, 2839);(2840, 2895);(2896, 2933);(2934, 2984);(3030, 3105);(3106, 3206);(3228, 3436)
Struthio_camelus;(319, 347);(348, 453);(454, 502);(503, 552);(553, 645);(646, 738);(739, 837);(838, 929);(943, 1035);(1036, 1075);(1076, 1135);(1228, 1295);(1296, 1327);(1328, 1370);(1371, 1963);(1996, 2147);(2148, 2232);(2233, 2290);(2291, 2342);(2343, 2395);(2398, 2448);(2449, 2489);(2490, 2541);(2542, 2581);(2582, 2584);(2585, 2647);(2648, 2744);(2781, 2839);(2840, 2895);(2896, 2933);(2934, 2984);(3030, 3105);(3106, 3206);(3228, 3436)
Camelus_bactrianus;(354, 367);(368, 540);(541, 645);(646, 738);(739, 837);(838, 929);(943, 1035);(1036, 1075);(1076, 1135);(1228, 1295);(1296, 1327);(1328, 1370);(1371, 1963);(1996, 2147);(2148, 2232);(2233, 2290);(2291, 2342);(2343, 2395);(2398, 2448);(2449, 2489);(2490, 2548);(2549, 2585);(2586, 2647);(2648, 2744);(2781, 2839);(2840, 2895);(2896, 2933);(2934, 2984);(3030, 3105);(3106, 3206);(3228, 3371);(3374, 3436)
Apteryx_australis;(267, 312);(313, 347);(348, 453);(454, 502);(503, 552);(553, 645);(646, 738);(739, 837);(838, 929);(943, 1035);(1036, 1075);(1076, 1135);(1228, 1295);(1296, 1327);(1328, 1370);(1371, 1963);(1996, 2147);(2148, 2232);(2233, 2290);(2291, 2342);(2343, 2395);(2398, 2448);(2449, 2489);(2490, 2548);(2549, 2584);(2585, 2647);(2648, 2744);(2781, 2839);(2840, 2895);(2896, 2933);(2934, 2984);(3030, 3105);(3106, 3206);(3228, 3436)
Picoides_pubescens;(240, 347);(348, 453);(454, 502);(503, 552);(553, 645);(646, 738);(739, 837);(838, 929);(943, 1035);(1036, 1075);(1076, 1135);(1228, 1295);(1296, 1327);(1328, 1370);(1371, 1963);(1996, 2147);(2148, 2232);(2233, 2290);(2291, 2342);(2343, 2395);(2398, 2448);(2449, 2489);(2490, 2548);(2549, 2584);(2585, 2647);(2648, 2744);(2781, 2839);(2840, 2895);(2896, 2933);(2934, 2984);(3030, 3105);(3106, 3206);(3228, 3436)
Cuculus_canorus;(323, 347);(348, 453);(454, 502);(503, 552);(553, 645);(646, 738);(739, 837);(838, 929);(943, 1035);(1036, 1075);(1076, 1135);(1228, 1295);(1296, 1327);(1328, 1370);(1371, 1963);(1996, 2147);(2148, 2232);(2233, 2290);(2291, 2342);(2343, 2395);(2398, 2448);(2449, 2489);(2490, 2548);(2549, 2584);(2585, 2647);(2648, 2744);(2781, 2839);(2840, 2895);(2896, 2933);(2934, 2984);(3030, 3105);(3106, 3206);(3228, 3436)
Eptesicus_fuscus;(256, 276);(277, 347);(348, 453);(454, 502);(503, 552);(553, 645);(646, 738);(739, 837);(838, 929);(943, 1035);(1036, 1075);(1076, 1135);(1228, 1295);(1296, 1327);(1328, 1370);(1371, 1963);(1996, 2147);(2148, 2232);(2233, 2290);(2291, 2342);(2343, 2395);(2398, 2448);(2449, 2489);(2490, 2548);(2549, 2584);(2585, 2647);(2648, 2744);(2781, 2839);(2840, 2895);(2896, 2933);(2934, 2984);(3030, 3105);(3106, 3206);(3228, 3436)
Elephantulus_edwardii;(283, 347);(348, 453);(454, 502);(503, 552);(553, 645);(646, 738);(739, 837);(838, 929);(943, 1035);(1036, 1075);(1076, 1135);(1228, 1295);(1296, 1327);(1328, 1370);(1371, 1963);(1996, 2147);(2148, 2232);(2233, 2290);(2291, 2342);(2343, 2395);(2398, 2448);(2449, 2489);(2490, 2548);(2549, 2584);(2585, 2647);(2648, 2744);(2781, 2839);(2840, 2895);(2896, 2933);(2934, 2984);(3030, 3105);(3106, 3206);(3246, 3436)
Vicugna_pacos;(290, 347);(348, 453);(454, 502);(503, 552);(553, 645);(646, 738);(739, 837);(838, 880);(881, 1035);(1036, 1075);(1076, 1135);(1228, 1295);(1296, 1327);(1328, 1370);(1371, 1963);(1996, 2147);(2148, 2232);(2233, 2290);(2291, 2342);(2343, 2395);(2398, 2448);(2449, 2489);(2490, 2548);(2549, 2584);(2585, 2647);(2648, 2744);(2781, 2839);(2840, 2895);(2896, 2933);(2934, 2984);(3030, 3105);(3106, 3206);(3228, 3436)
Cariama_cristata;(1372, 1963);(1996, 2147);(2148, 2232);(2233, 2290);(2291, 2342);(2343, 2395);(2398, 2448);(2449, 2489);(2490, 2548);(2549, 2584);(2585, 2647);(2648, 2744);(2781, 2839);(2840, 2895);(2896, 2933);(2934, 2984);(3030, 3105);(3106, 3436)
Anser_cygnoides;(213, 305);(306, 453);(454, 502);(503, 552);(553, 645);(646, 738);(739, 837);(838, 929);(943, 1035);(1036, 1075);(1076, 1135);(1228, 1295);(1296, 1327);(1328, 1370);(1371, 1963);(1996, 2147);(2148, 2232);(2233, 2290);(2291, 2342);(2343, 2395);(2398, 2448);(2449, 2489);(2490, 2548);(2549, 2584);(2585, 2647);(2648, 2744);(2781, 2839);(2840, 2895);(2896, 2933);(2934, 2984);(3030, 3105);(3106, 3206);(3228, 3436)
Serinus_canaria;(294, 306);(307, 453);(454, 502);(503, 552);(553, 645);(646, 738);(739, 837);(838, 929);(943, 1035);(1036, 1075);(1076, 1135);(1228, 1295);(1296, 1327);(1328, 1370);(1371, 1963);(1996, 2147);(2148, 2232);(2233, 2290);(2291, 2342);(2343, 2395);(2398, 2448);(2449, 2489);(2490, 2548);(2549, 2584);(2585, 2647);(2648, 2744);(2781, 2839);(2840, 2895);(2896, 2933);(2934, 2984);(3030, 3105);(3106, 3206);(3228, 3436)
Corvus_brachyrhynchos;(349, 453);(454, 502);(503, 552);(553, 645);(646, 738);(739, 837);(838, 929);(943, 1035);(1036, 1075);(1076, 1135);(1228, 1295);(1296, 1327);(1328, 1370);(1371, 1875);(1876, 1956);(1957, 1995);(1996, 2147);(2148, 2232);(2233, 2290);(2291, 2342);(2343, 2395);(2398, 2448);(2449, 2489);(2490, 2548);(2549, 2584);(2585, 2647);(2648, 2744);(2781, 2839);(2840, 2895);(2896, 2933);(2934, 2984);(3030, 3105);(3106, 3206);(3228, 3436)
Geospiza_fortis;(922, 1370);(1371, 1963);(1996, 2147);(2148, 2232);(2233, 2290);(2291, 2342);(2343, 2395);(2398, 2448);(2449, 2489);(2490, 2548);(2549, 2584);(2585, 2647);(2648, 2744);(2781, 2839);(2840, 2895);(2896, 2933);(2934, 2984);(3030, 3105);(3106, 3206);(3228, 3436)
Anas_platyrhynchos;(292, 347);(348, 453);(454, 502);(503, 552);(553, 645);(646, 738);(739, 837);(838, 929);(943, 1035);(1036, 1075);(1076, 1135);(1228, 1295);(1296, 1327);(1328, 1370);(1371, 1963);(1996, 2147);(2148, 2232);(2233, 2290);(2291, 2342);(2343, 2395);(2398, 2448);(2449, 2489);(2490, 2548);(2549, 2584);(2585, 2647);(2648, 2744);(2781, 2839);(2840, 2895);(2896, 2933);(2934, 2984);(3030, 3105);(3106, 3206);(3228, 3436)
Pseudopodoces_humilis;(320, 347);(348, 453);(454, 502);(503, 552);(553, 645);(646, 738);(739, 837);(838, 929);(943, 1035);(1036, 1075);(1076, 1135);(1228, 1295);(1296, 1327);(1328, 1370);(1371, 1963);(1996, 2147);(2148, 2232);(2233, 2290);(2291, 2342);(2343, 2395);(2398, 2448);(2449, 2489);(2490, 2548);(2549, 2584);(2585, 2647);(2648, 2744);(2781, 2839);(2840, 2895);(2896, 2933);(2934, 2984);(3030, 3105);(3106, 3206);(3228, 3436)
Manacus_vitellinus;(320, 453);(454, 502);(503, 552);(553, 645);(646, 738);(739, 837);(838, 929);(943, 1035);(1036, 1075);(1076, 1135);(1228, 1295);(1296, 1327);(1328, 1370);(1371, 1963);(1996, 2147);(2148, 2232);(2233, 2290);(2291, 2342);(2343, 2395);(2398, 2448);(2449, 2489);(2490, 2548);(2549, 2584);(2585, 2647);(2648, 2744);(2781, 2839);(2840, 2895);(2896, 2933);(2934, 2984);(3030, 3105);(3106, 3206);(3228, 3436)
Melopsittacus_undulatus;(285, 347);(348, 453);(454, 502);(503, 552);(553, 645);(646, 738);(739, 837);(838, 929);(943, 1035);(1036, 1075);(1076, 1135);(1228, 1295);(1296, 1327);(1328, 1370);(1371, 1963);(1996, 2147);(2148, 2232);(2233, 2290);(2291, 2342);(2343, 2395);(2398, 2448);(2449, 2489);(2490, 2548);(2549, 2584);(2585, 2647);(2648, 2744);(2781, 2839);(2840, 2895);(2896, 2933);(2934, 2984);(3030, 3105);(3106, 3206);(3228, 3436)
Acanthisitta_chloris;(1229, 1295);(1296, 1327);(1328, 1370);(1371, 1963);(1996, 2147);(2148, 2232);(2233, 2290);(2291, 2342);(2343, 2395);(2398, 2448);(2449, 2489);(2490, 2548);(2549, 2566);(2567, 2647);(2648, 2744);(2781, 2839);(2840, 2895);(2896, 2933);(2934, 2984);(3030, 3105);(3106, 3206);(3228, 3436)
Aptenodytes_forsteri;(293, 347);(348, 453);(454, 502);(503, 552);(553, 645);(646, 738);(739, 837);(838, 929);(943, 1035);(1036, 1075);(1076, 1135);(1228, 1295);(1296, 1327);(1328, 1370);(1371, 1963);(1996, 2147);(2148, 2232);(2233, 2290);(2291, 2342);(2343, 2395);(2398, 2448);(2449, 2489);(2490, 2548);(2549, 2584);(2585, 2647);(2648, 2744);(2781, 2839);(2840, 2895);(2896, 2933);(2934, 2984);(3030, 3105);(3106, 3206);(3228, 3436)
Calypte_anna;(324, 347);(348, 453);(454, 502);(503, 552);(553, 645);(646, 738);(739, 837);(838, 929);(943, 1035);(1036, 1075);(1076, 1135);(1228, 1295);(1296, 1327);(1328, 1370);(1371, 1963);(1996, 2147);(2148, 2232);(2233, 2290);(2291, 2342);(2343, 2395);(2398, 2448);(2449, 2489);(2490, 2548);(2549, 2558);(2559, 2584);(2585, 2647);(2648, 2744);(2781, 2839);(2840, 2895);(2896, 2933);(2934, 2984);(3030, 3105);(3106, 3206);(3228, 3436)
Chaetura_pelagica;(319, 453);(454, 502);(503, 552);(553, 645);(646, 738);(739, 837);(838, 929);(943, 1035);(1036, 1075);(1076, 1135);(1228, 1295);(1296, 1327);(1328, 1370);(1371, 1963);(1996, 2147);(2148, 2232);(2233, 2290);(2291, 2342);(2343, 2395);(2398, 2448);(2449, 2489);(2490, 2548);(2549, 2584);(2585, 2647);(2648, 2744);(2781, 2839);(2840, 2895);(2896, 2933);(2934, 2984);(3030, 3105);(3106, 3206);(3228, 3436)
Charadrius_vociferus;(318, 347);(348, 453);(454, 502);(503, 552);(553, 645);(646, 738);(739, 837);(838, 929);(943, 1035);(1036, 1075);(1076, 1135);(1228, 1295);(1296, 1327);(1328, 1370);(1371, 1963);(1996, 2147);(2148, 2232);(2233, 2290);(2291, 2342);(2343, 2395);(2398, 2448);(2449, 2489);(2490, 2548);(2549, 2584);(2585, 2647);(2648, 2744);(2781, 2839);(2840, 2895);(2896, 2933);(2934, 2984);(3030, 3105);(3106, 3206);(3228, 3436)
Columba_livia;(359, 502);(503, 552);(553, 645);(646, 738);(739, 837);(838, 929);(943, 1035);(1036, 1075);(1076, 1135);(1228, 1295);(1296, 1327);(1328, 1370);(1371, 1963);(1996, 2147);(2148, 2232);(2233, 2290);(2291, 2342);(2343, 2395);(2398, 2448);(2449, 2489);(2490, 2548);(2549, 2557);(2558, 2558);(2585, 2647);(2648, 2744);(2781, 2839);(2840, 2895);(2896, 2933);(2934, 2984);(3030, 3105);(3106, 3206);(3228, 3436)
Egretta_garzetta;(318, 347);(348, 453);(454, 502);(503, 552);(553, 645);(646, 738);(739, 837);(838, 929);(943, 1035);(1036, 1075);(1076, 1135);(1228, 1295);(1296, 1327);(1328, 1370);(1371, 1963);(1996, 2147);(2148, 2232);(2233, 2290);(2291, 2342);(2343, 2395);(2398, 2448);(2449, 2489);(2490, 2548);(2549, 2584);(2585, 2647);(2648, 2744);(2781, 2839);(2840, 2895);(2896, 2933);(2934, 2984);(3030, 3105);(3106, 3206);(3228, 3436)
Falco_cherrug;(212, 347);(348, 453);(454, 552);(553, 645);(646, 738);(739, 837);(838, 929);(943, 1035);(1036, 1075);(1076, 1135);(1136, 1227);(1228, 1295);(1296, 1327);(1328, 1370);(1371, 1963);(1996, 2147);(2148, 2232);(2233, 2290);(2291, 2342);(2343, 2395);(2398, 2448);(2449, 2548);(2585, 2647);(2648, 2744);(2745, 2771);(2772, 2839);(2840, 2895);(2896, 2933);(2934, 2984);(3030, 3105);(3106, 3206);(3228, 3436)
Falco_peregrinus;(212, 347);(348, 453);(454, 502);(503, 552);(553, 645);(646, 738);(739, 837);(838, 929);(943, 1035);(1036, 1075);(1076, 1135);(1228, 1295);(1296, 1327);(1328, 1370);(1371, 1963);(1996, 2147);(2148, 2232);(2233, 2290);(2291, 2342);(2343, 2395);(2398, 2448);(2449, 2489);(2490, 2548);(2549, 2562);(2585, 2647);(2648, 2744);(2781, 2839);(2840, 2895);(2896, 2933);(2934, 2984);(3030, 3105);(3106, 3206);(3228, 3436)
Leptosomus_discolor;(1229, 1295);(1296, 1327);(1328, 1370);(1371, 1963);(1996, 2147);(2148, 2232);(2233, 2290);(2291, 2342);(2343, 2395);(2398, 2448);(2449, 2489);(2490, 2548);(2549, 2584);(2585, 2647);(2648, 2744);(2781, 2839);(2840, 2895);(2896, 2933);(2934, 2984);(3030, 3105);(3106, 3206);(3228, 3436)
Nipponia_nippon;(298, 308);(319, 453);(454, 502);(503, 552);(553, 645);(646, 738);(739, 837);(838, 929);(943, 1035);(1036, 1075);(1076, 1135);(1228, 1295);(1296, 1327);(1328, 1370);(1371, 1963);(1996, 2147);(2148, 2232);(2233, 2290);(2291, 2342);(2343, 2395);(2398, 2448);(2449, 2489);(2490, 2548);(2549, 2565);(2566, 2584);(2585, 2647);(2648, 2744);(2781, 2839);(2840, 2895);(2896, 2933);(2934, 2984);(3030, 3105);(3106, 3206);(3228, 3436)
Opisthocomus_hoazin;(279, 347);(348, 453);(454, 502);(503, 552);(553, 645);(646, 738);(739, 837);(838, 929);(943, 1035);(1036, 1075);(1076, 1135);(1228, 1295);(1296, 1327);(1328, 1370);(1371, 1963);(1996, 2147);(2148, 2232);(2233, 2290);(2291, 2342);(2343, 2395);(2398, 2448);(2449, 2489);(2490, 2548);(2549, 2583);(2584, 2584);(2585, 2647);(2648, 2744);(2781, 2839);(2840, 2895);(2896, 2933);(2934, 2984);(3030, 3105);(3106, 3206);(3228, 3436)
Pygoscelis_adeliae;(318, 347);(348, 453);(454, 502);(503, 552);(553, 645);(646, 738);(739, 837);(838, 929);(943, 1035);(1036, 1075);(1076, 1135);(1228, 1295);(1296, 1327);(1328, 1370);(1371, 1963);(1996, 2147);(2148, 2232);(2233, 2290);(2291, 2342);(2343, 2395);(2398, 2448);(2449, 2489);(2490, 2548);(2549, 2584);(2585, 2647);(2648, 2744);(2781, 2839);(2840, 2895);(2896, 2933);(2934, 2984);(3030, 3105);(3106, 3206);(3106, 3206);(3228, 3436)
Tauraco_erythrolophus;(1229, 1295);(1296, 1327);(1328, 1370);(1371, 1963);(1996, 2147);(2148, 2232);(2233, 2290);(2291, 2342);(2343, 2395);(2398, 2448);(2449, 2489);(2490, 2548);(2549, 2564);(2565, 2647);(2648, 2744);(2781, 2839);(2840, 2895);(2896, 2933);(2934, 2984);(3030, 3105);(3106, 3206)
Colius_striatus;(2936, 2984);(3030, 3105);(3106, 3206);(3228, 3436)
Gallus_gallus;(272, 285);(286, 347);(348, 453);(454, 502);(503, 552);(553, 645);(646, 738);(739, 837);(838, 929);(943, 1035);(1036, 1075);(1076, 1135);(1228, 1295);(1296, 1327);(1328, 1370);(1371, 1963);(1996, 2147);(2148, 2232);(2233, 2290);(2291, 2342);(2343, 2395);(2398, 2448);(2449, 2489);(2490, 2548);(2549, 2584);(2585, 2647);(2648, 2744);(2781, 2839);(2840, 2895);(2896, 2933);(2934, 2984);(3030, 3105);(3106, 3206);(3228, 3436)
Myotis_davidii;(291, 347);(348, 453);(454, 502);(503, 552);(553, 645);(646, 738);(739, 837);(838, 929);(943, 1035);(1036, 1075);(1076, 1135);(1228, 1295);(1296, 1327);(1328, 1370);(1371, 1963);(1996, 2147);(2148, 2232);(2233, 2290);(2291, 2342);(2343, 2395);(2398, 2448);(2449, 2489);(2490, 2548);(2549, 2584);(2585, 2647);(2648, 2744);(2781, 2839);(2840, 2895);(2896, 2933);(2934, 2984);(3030, 3105);(3106, 3206);(3228, 3436)
Haliaeetus_leucocephalus;(288, 347);(348, 453);(454, 502);(503, 552);(553, 645);(646, 738);(739, 837);(838, 929);(943, 1035);(1036, 1075);(1076, 1135);(1228, 1295);(1296, 1327);(1328, 1370);(1371, 1963);(1996, 2147);(2148, 2232);(2233, 2290);(2291, 2342);(2343, 2395);(2398, 2448);(2449, 2489);(2490, 2548);(2549, 2584);(2585, 2647);(2648, 2744);(2781, 2839);(2840, 2895);(2896, 2933);(2934, 2984);(3030, 3105);(3106, 3206);(3228, 3436)
Aquila_chrysaetos;(845, 929);(943, 1035);(1036, 1075);(1076, 1135);(1228, 1295);(1296, 1327);(1328, 1370);(1371, 1963);(1996, 2147);(2148, 2232);(2233, 2290);(2291, 2342);(2343, 2395);(2398, 2448);(2449, 2489);(2490, 2548);(2549, 2584);(2585, 2647);(2648, 2744);(2781, 2839);(2840, 2895);(2896, 2933);(2934, 2984);(3030, 3105);(3106, 3206);(3228, 3436)
Mesitornis_unicolor;(944, 1035);(1036, 1075);(1076, 1135);(1228, 1295);(1296, 1327);(1328, 1370);(1371, 1963);(1996, 2147);(2148, 2232);(2233, 2290);(2291, 2342);(2343, 2395);(2398, 2448);(2449, 2489);(2490, 2548);(2549, 2584);(2585, 2647);(2648, 2744);(2781, 2839);(2840, 2895);(2896, 2933);(2934, 2984);(3030, 3105);(3106, 3206);(3228, 3436)
Meleagris_gallopavo;(845, 929);(943, 1035);(1036, 1075);(1076, 1135);(1228, 1295);(1296, 1327);(1328, 1370);(1371, 1963);(1996, 2147);(2148, 2232);(2233, 2290);(2291, 2342);(2343, 2395);(2398, 2448);(2449, 2489);(2490, 2548);(2549, 2584);(2585, 2647);(2648, 2744);(2781, 2839);(2840, 2895);(2896, 2933);(2934, 2984);(3030, 3105);(3106, 3206);(3228, 3436)
Corvus_cornix;(845, 929);(943, 1035);(1036, 1075);(1076, 1135);(1228, 1295);(1296, 1327);(1328, 1370);(1371, 1963);(1996, 2147);(2148, 2232);(2233, 2290);(2291, 2342);(2343, 2395);(2398, 2448);(2449, 2489);(2490, 2548);(2549, 2584);(2585, 2647);(2648, 2744);(2781, 2839);(2840, 2895);(2896, 2933);(2934, 2984);(3030, 3105);(3106, 3206);(3228, 3436)
Nestor_notabilis;(618, 825);(943, 1035);(1036, 1075);(1076, 1135);(1228, 1295);(1296, 1327);(1328, 1370);(1371, 1963);(1996, 2147);(2148, 2232);(2233, 2290);(2291, 2342);(2343, 2395);(2398, 2448);(2449, 2489);(2490, 2548);(2549, 2584);(2585, 2647);(2648, 2744);(2781, 2839);(2840, 2895);(2896, 2933);(2934, 2984)
Myotis_brandtii;(298, 347);(348, 453);(454, 502);(503, 552);(553, 645);(646, 738);(739, 837);(838, 929);(943, 1035);(1036, 1075);(1076, 1135);(1228, 1295);(1296, 1327);(1328, 1370);(1371, 1963);(1996, 2147);(2148, 2232);(2233, 2290);(2291, 2342);(2343, 2395);(2398, 2448);(2449, 2489);(2490, 2548);(2549, 2584);(2585, 2647);(2648, 2744);(2781, 2839);(2840, 2895);(2896, 2933);(2934, 2984);(3030, 3105);(3106, 3206);(3228, 3436)
Dasypus_novemcinctus;(571, 645);(646, 738);(739, 837);(838, 929);(943, 1035);(1036, 1075);(1076, 1135);(1228, 1295);(1296, 1327);(1328, 1370);(1371, 1963);(1996, 2147);(2148, 2232);(2233, 2290);(2291, 2342);(2343, 2395);(2398, 2448);(2449, 2489);(2490, 2584);(2585, 2647);(2648, 2744);(2781, 2839);(2840, 2895);(2896, 2933);(2934, 2984);(3030, 3105);(3106, 3206);(3228, 3436)
Tarsius_syrichta;(548, 645);(646, 738);(739, 837);(838, 929);(943, 1035);(1036, 1075);(1076, 1135);(1228, 1295);(1296, 1327);(1328, 1370);(1371, 1963);(1996, 2147);(2148, 2232);(2233, 2290);(2291, 2342);(2343, 2395);(2398, 2448);(2449, 2489);(2490, 2548);(2549, 2584);(2585, 2647);(2648, 2744);(2781, 2839);(2840, 2895);(2896, 2933);(2934, 2984);(3030, 3105);(3106, 3206);(3228, 3436)
Camelus_dromedarius;(503, 552);(553, 645);(646, 738);(739, 837);(838, 929);(943, 1035);(1036, 1075);(1076, 1135);(1228, 1295);(1296, 1327);(1328, 1370);(1371, 1963);(1996, 2147);(2148, 2232);(2233, 2290);(2291, 2342);(2343, 2346);(2347, 2395);(2398, 2448);(2449, 2489);(2490, 2548);(2549, 2584);(2585, 2647);(2648, 2744);(2781, 2839);(2840, 2895);(2896, 2933);(2934, 2984);(3030, 3105);(3106, 3206);(3228, 3436)
Cavia_porcellus;(571, 645);(646, 738);(739, 837);(838, 929);(943, 1035);(1036, 1075);(1076, 1135);(1228, 1295);(1296, 1327);(1328, 1370);(1371, 1963);(1996, 2147);(2148, 2232);(2233, 2290);(2291, 2342);(2343, 2395);(2398, 2448);(2449, 2489);(2490, 2548);(2549, 2584);(2585, 2647);(2648, 2744);(2781, 2839);(2840, 2895);(2896, 2933);(2934, 2984);(3030, 3105);(3106, 3206);(3228, 3436)
Myotis_lucifugus;(298, 347);(348, 453);(454, 502);(503, 3436)
